[
  {
    "Classname": "Win32_Bios",
    "RelatedClasses": ["Win32_Bios"],
    "MOF_File": "bios.mof",
    "Properties": {
        "SMBIOSBIOSVersion": "5FCN95WW",
        "Manufacturer": "Phoenix Technologies Ltd.",
        "Name": "5FCN95WW",
        "SerialNumber": "QB06506849OA3OK",
        "Version": "LENOVO - 6040000",
	      "Description": "5FCN95WW",
	      "SoftwareElementID": "5FCN95WW",
	      "Caption": "5FCN95WW",
	      "BIOSVersion": "INTEL - 6040000, 5FCN95WW, Phoenix Technologies - 10000"
    }
  },
  {
    "Classname":"Win32_Processor",
    "RelatedClasses": ["Win32_Processor", "CIM_Processor"],
    "MOF_File" : "processor.mof",
    "Properties": {
        "DeviceID": "CPU0",
        "Manufacturer": "Phoenix Manufacturer Ltd Singapore",
        "VirtualizationFirmwareEnabled": "False",
        "VMMonitorModeExtensions": "False",
        "ThreadCount": "4",
        "ProcessorID": "1F88FBFF000673F4",
        "NumberOfCores": "8",
        "NumberOfEnabledCore": "8",
        "NumberOfLogicalProcessors": "8"
    }
  },
  {
    "Classname": "Win32_VideoController",
    "RelatedClasses": ["Win32_VideoController", "CIM_VideoController"],
    "MOF_File": "videocontroller.mof",
    "Properties": {
        "DeviceID": "VideoController1",
        "Name": "Nvidia Geforce GTX 1070",
        "Caption": "Nvidia Geforce GTX 1070",
        "Description": "Nvidia Geforce GTX 1070",
        "VideoProcessor": "GeForce GTX 1070",
        "InfSection": "Section058",
        "InstalledDisplayDrivers": "nvldumdx.dll,nvldumdx.dll,nvldumdx.dll",
        "AdapterCompatibility": "NVIDIA" 
    }
  },
  {
    "Classname": "Win32_ComputerSystem",
    "RelatedClasses": ["Win32_ComputerSystem", "CIM_ComputerSystem"],
    "MOF_File": "computersystem.mof",
    "Properties": {
        "Domain": "WORKGROUP",
        "Manufacturer": "Phoenix Technologies Ltd.",
        "Model": "5FCN95WW",
        "Name": "5FCN95WW",
	"OEMStringArray": "Default string, Default string, Default string, Default string..."
    }
  },
  {
    "Classname": "Win32_LogicalDisk",
    "RelatedClasses": ["Win32_LogicalDisk", "CIM_LogicalDisk"],
    "MOF_File": "logicaldisk.mof",
    "Properties": {
	      "DeviceID": "C:",
        "Size": "85899345920"
    }
  },
  {
    "Classname": "Win32_DiskDrive",
    "RelatedClasses": ["Win32_DiskDrive", "CIM_DiskDrive"],
    "MOF_File": "diskdrive.mof",
    "Properties": {
        "Size": "85899345920",
        "Model": "SanDisk SD8SNAT256G1002",
        "Caption": "SanDisk SD8SNAT256G1002",
        "SerialNumber": "165383432175",
        "PNPDeviceID": "SCSI\\DISK&VEN_SANDISK&PROD_SD8SNAT128G1002\\4&2EBC9C70&0&000000"
    }
  },
  {
    "Classname": "Win32_ComputerSystemProduct",
    "RelatedClasses": ["Win32_ComputerSystemProduct"],
    "MOF_File": "computersystemproduct.mof",
    "Properties": {
        "IdentifyingNumber": "QB06506849OA3OK",
        "Name": "5FCN95WW",
        "Vendor": "Phoenix Technologies Ltd.",
        "Version": "1.0",
        "Caption": "Computer System Product"
    }
  },
  {
    "Classname": "Win32_SystemEnclosure",
    "RelatedClasses": ["Win32_SystemEnclosure"],
    "MOF_File": "systemenclosure.mof",
    "Properties": {
        "Tag": "System Enclosure 0",
        "Manufacturer": "Phoenix Technologies Ltd.",
        "LockPresent": "True",
        "SerialNumber": "CSN12345678901234567",
        "SMBIOSAssetTag": "No Asset Tag",
        "SecurityStatus": "3"
    }
  },
  {
    "Classname": "Win32_Fan",
    "RelatedClasses": ["Win32_Fan", "CIM_Fan"],
    "MOF_File": "fan.mof",
    "Properties": {
        "DeviceID": "root\\cimv2 0",
        "ActiveCooling": "True",
        "Availability": "3",
        "Caption": "Cooling Device",
        "CreationClassName": "Win32_Fan",
        "Description": "Cooling Device",
        "Name": "Cooling Device",
        "Status": "OK",
        "StatusInfo": "2",
        "SystemCreationClassName": "Win32_ComputerSystem"
    }
  },
  {
    "Classname": "Win32_SystemSlot",
    "RelatedClasses": ["Win32_SystemSlot", "CIM_Slot", "CIM_PhysicalConnector", "CIM_PhysicalElement", "CIM_ManagedSystemElement"],
    "MOF_File": "slotshierarchy.mof",
    "Properties": {
        "Tag": "System Slot 0",
        "Status": "OK",
        "Caption": "System Slot",
        "Description": "System Slot",
        "Name": "System Slot",
        "SupportsHotPlug": "False",
        "MaxDataWidth": "10"
    }
  },
  {
    "Classname": "Win32_VoltageProbe",
    "RelatedClasses": ["Win32_VoltageProbe", "CIM_VoltageSensor", "CIM_NumericSensor", "CIM_Sensor"],
    "MOF_File": "sensorhierarchy.mof",
    "Properties": {
        "DeviceID": "root\\cimv2 0",
        "Status": "OK",
        "Name": "Numeric Sensor",
        "Accuracy": "32768",
        "Caption": "Numeric Sensor",
        "Description": "LM78A",
        "MaxReadable": "32768",
        "MinReadable": "32768",
        "Resolution": "32768",
        "SystemCreationClassName": "Win32_ComputerSystem",
        "Tolerance": "32768"
    }
  },
  {
      "Classname": "Win32_PortConnector",
      "RelatedClasses": ["Win32_PortConnector"],
      "MOF_File": "portconnector.mof",
      "Properties": {
          "Tag": "Port Connector 0",
          "Name": "Port Connector 0",
          "ExternalReferenceDesignator": "PS2Mouse",
          "Caption": "Port Connector",
          "CreationClassName": "Win32_PortConnector",
          "Description": "Port Connector",
          "InternalReferenceDesignator": "J1A1",
          "PortType": "14"
      }
  },
  {
      "Classname": "Win32_MemoryDevice",
      "RelatedClasses": ["Win32_MemoryDevice"],
      "MOF_File": "memorydevice.mof",
      "Properties": {
          "DeviceID": "Memory Device 0",
          "Caption": "Memory Device 0",
          "CreationClassName": "Win32_MemoryDevice",
          "Description": "Memory Device",
          "EndingAddress": "16777215",
          "Name": "Memory Device",
          "StartingAddress": "0",
          "SystemCreationClassName": "Win32_ComputerSystem"
      }
  },
  {
      "Classname": "Win32_CacheMemory",
      "RelatedClasses": ["Win32_CacheMemory", "CIM_CacheMemory", "CIM_Memory"],
      "MOF_File": "memoryhierarchy.mof",
      "Properties": {
          "DeviceID": "Cache Memory 0",
          "ErrorCorrectType": "4",
          "Availability": "3",
          "Status": "OK",
          "StatusInfo": "3",
          "BlockSize": "1024",
          "CacheType": "5",
          "InstalledSize": "256",
          "Level": "3",
          "MaxCacheSize": "256",
          "NumberOfBlocks": "256",
          "WritePolicy": "3",
          "Associativity": "7",
          "Caption": "Cache Memory",
          "CreationClassName": "Win32_CacheMemory",
          "Description": "Cache Memory",
          "Name": "Cache Memory",
          "Location": "0",
          "Purpose": "L1 Cache",
          "SystemCreationClassName": "Win32_ComputerSystem"
      }
  },
  {
      "Classname": "Win32_PerfFormattedData_Counters_ThermalZoneInformation",
      "RelatedClasses": ["Win32_Perf"],
      "MOF_File": "thermalzoneinformation.mof",
      "Properties": {
          "Name": "\\_TZ.THRM",
          "HighPrecisionTemperature": "3272",
          "PercentPassiveLimit": "100",
          "Temperature": "327",
          "ThrottleReasons": "0"
      }
  },
  {
      "Classname": "Win32_PhysicalMemory",
      "RelatedClasses": ["Win32_PhysicalMemory", "CIM_PhysicalMemory"],
      "MOF_File": "physicalmemory.mof",
      "Properties":{
          "Tag": "Physical Memory 1",
          "Attributes": "1",
          "BankLabel": "BANK 2",
          "Capacity": "17179869184",
          "Caption": "Physical Memory",
          "ConfiguredClockSpeed": "2667",
          "ConfiguredVoltage": "1200",
          "CreationClassName": "Win32_PhysicalMemory",
          "DataWidth": "64",
          "Description": "Physical Memory",
          "DeviceLocator": "DIMM 0",
          "FormFactor": "8",
          "Manufacturer": "A-DATA Technology",
          "MaxVoltage": "1200",
          "MemoryType": "0",
          "MinVoltage": "1200",
          "Name": "PhysicalMemory",
          "PartNumber": "DDR4 3600",
          "SerialNumber": "7C740400",
          "SMBIOSMemoryType": "26",
          "Speed": "2667",
          "TotalWidth": "64",
          "TypeDetail": "128"
    }
  },
  {
      "Classname": "Win32_MemoryArray",
      "RelatedClasses": ["Win32_SMBIOSMemory", "Win32_MemoryArray"],
      "MOF_File": "smbiosmemory.mof",
      "Properties":{
            "DeviceID": "Memory Device 0",
            "Caption": "Memory Device",
            "CreationClassName": "Win32_MemoryDevice",
            "Description": "Memory Device",
            "EndingAddress": "16777215",
            "ErrorInfo": "3",
            "Name": "Memory Device",
            "StartingAddress": "0",
            "SystemCreationClassName": "Win32_ComputerSystem"
      }
  },
  {
      "Classname": "MSAcpi_ThermalZoneTemperature",
      "RelatedClasses": ["MSAcpi_ThermalZoneTemperature"],
      "MOF_File": "msacpithermalzonetemperature.mof",
      "Properties":{
            "InstanceName": "ACPI\\ThermalZone\\THRM_0",
            "Active": "True",
            "ActiveTripPointCount": "0",
            "CriticalTripPoint": "3712",
            "CurrentTemperature": "3202",
            "PassiveTripPoint": "3692",
            "Reserved": "0",
            "SamplingPeriod": "0",
            "ThermalConstant1": "0",
            "ThermalConstant2": "0",
            "ThermalStamp": "132"
      }
    },
    {
        "Classname": "Win32_TemperatureProbe",
        "RelatedClasses": ["Win32_TemperatureProbe", "CIM_TemperatureSensor"],
        "MOF_File": "temperaturesensor.mof",
        "Properties":{
            "DeviceID": "root\\cimv2 0",
            "Status": "OK",
            "Name": "Numeric Sensor",
            "Accuracy": "32768",
            "Caption": "Numeric Sensor",
            "Description": "LM78A",
            "MaxReadable": "32768",
            "MinReadable": "32768",
            "Resolution": "32768",
            "SystemCreationClassName": "Win32_ComputerSystem",
            "Tolerance": "32768"
        }
    }
]